user_id,name,email,phone,city,created_at
1,Vivaan Singh,vivaan.singh788@gmail.com,9419053813,Pune,2024-03-08 17:16:38
2,Tanvi Khan,tanvi.khan2@gmail.com,9978307106,Bengaluru,2024-05-07 05:01:18
3,Sanya Sharma,sanya.sharma934@gmail.com,9444035486,Pune,2024-08-14 15:34:28
4,Aarav Joshi,aarav.joshi788@gmail.com,9645758545,Bengaluru,2025-11-24 13:37:56
5,Yash Gupta,yash.gupta499@gmail.com,9613304531,Delhi,2025-12-10 15:35:39
6,Nikhil Kulkarni,nikhil.kulkarni918@gmail.com,9325796996,Hyderabad,2024-01-10 23:09:06
7,Pooja Kapoor,pooja.kapoor158@gmail.com,9947011232,Kolkata,2024-05-17 22:30:45
8,Lakshmi Bose,lakshmi.bose112@gmail.com,9657087356,Mumbai,2024-01-01 06:37:26
9,Ananya Singh,ananya.singh34@gmail.com,9733698476,Pune,2025-01-02 00:14:19
10,Harsh Khan,harsh.khan81@gmail.com,9867339728,Pune,2025-07-31 23:17:25
11,Krishna Yadav,krishna.yadav530@gmail.com,9115474047,Ahmedabad,2024-09-19 07:38:15
12,Rahul Bose,rahul.bose793@gmail.com,9058515538,Pune,2025-09-06 11:20:36
13,Aditya Singh,aditya.singh519@gmail.com,9282059578,Mumbai,2025-12-23 05:01:29
14,Rohan Singh,rohan.singh237@gmail.com,9033598574,Kolkata,2025-03-14 13:21:48
15,Varun Sharma,varun.sharma731@gmail.com,9854325168,Ahmedabad,2024-07-18 12:03:48
16,Ananya Agarwal,ananya.agarwal708@gmail.com,9083643737,Bengaluru,2024-04-05 00:08:29
17,Aadhya Verma,aadhya.verma425@gmail.com,9329830295,Pune,2025-10-15 17:02:07
18,Vivaan Joshi,vivaan.joshi601@gmail.com,9315936245,Hyderabad,2024-02-10 01:58:00
19,Tanvi Chatterjee,tanvi.chatterjee589@gmail.com,9929106740,Bengaluru,2025-01-24 03:14:19
20,Ananya Kulkarni,ananya.kulkarni965@gmail.com,9284887259,Pune,2025-11-23 11:22:21
21,Yash Joshi,yash.joshi705@gmail.com,9882930061,Chennai,2024-06-25 18:20:39
22,Meera Iyer,meera.iyer755@gmail.com,9983842045,Chennai,2025-08-16 07:19:14
23,Sanya Nair,sanya.nair964@gmail.com,9963740465,Bengaluru,2025-02-08 10:40:26
24,Kavya Reddy,kavya.reddy952@gmail.com,9220909065,Mumbai,2024-05-31 00:59:43
25,Ritika Khan,ritika.khan909@gmail.com,9842116820,Pune,2025-07-21 14:31:34
26,Sanya Reddy,sanya.reddy231@gmail.com,9459310982,Ahmedabad,2024-12-27 20:55:15
27,Yash Patel,yash.patel125@gmail.com,9485052291,Delhi,2024-04-07 20:24:54
28,Nisha Menon,nisha.menon85@gmail.com,9723481817,Pune,2025-07-25 18:34:41
29,Vivaan Patel,vivaan.patel225@gmail.com,9496014063,Hyderabad,2024-04-23 17:15:54
30,Nikhil Khan,nikhil.khan804@gmail.com,9460034780,Delhi,2024-07-01 15:11:50
31,Arjun Khan,arjun.khan241@gmail.com,9177678824,Pune,2024-08-11 17:58:34
32,Diya Reddy,diya.reddy427@gmail.com,9863603760,Bengaluru,2025-10-19 11:57:44
33,Swathi Menon,swathi.menon881@gmail.com,9157160237,Chennai,2024-12-11 10:08:53
34,Lakshmi Yadav,lakshmi.yadav168@gmail.com,9320961111,Delhi,2025-02-27 01:30:45
35,Sai Patel,sai.patel937@gmail.com,9002146551,Delhi,2025-11-24 10:18:36
36,Ritika Menon,ritika.menon819@gmail.com,9889390869,Ahmedabad,2024-08-10 20:10:47
37,Nikhil Joshi,nikhil.joshi951@gmail.com,9836810298,Bengaluru,2025-09-27 01:28:58
38,Sanya Gupta,sanya.gupta549@gmail.com,9218800735,Hyderabad,2024-05-15 15:44:39
39,Madhav Das,madhav.das612@gmail.com,9569638120,Delhi,2024-08-29 21:01:43
40,Ira Reddy,ira.reddy683@gmail.com,9028494787,Pune,2024-05-12 03:54:05
41,Aditya Nair,aditya.nair450@gmail.com,9053061607,Kolkata,2024-03-10 15:57:31
42,Sanya Kapoor,sanya.kapoor394@gmail.com,9316961018,Bengaluru,2025-04-22 21:22:03
43,Sanya Agarwal,sanya.agarwal374@gmail.com,9572858908,Mumbai,2024-08-22 12:59:34
44,Madhav Agarwal,madhav.agarwal727@gmail.com,9179646684,Pune,2025-04-14 01:38:48
45,Rahul Chatterjee,rahul.chatterjee664@gmail.com,9787969100,Delhi,2024-10-17 02:04:22
46,Kavya Kulkarni,kavya.kulkarni432@gmail.com,9699623160,Ahmedabad,2025-08-08 22:16:31
47,Ritika Mishra,ritika.mishra238@gmail.com,9874368786,Chennai,2025-08-10 04:00:03
48,Ananya Kapoor,ananya.kapoor241@gmail.com,9170573016,Kolkata,2024-05-17 01:22:06
49,Yash Iyer,yash.iyer572@gmail.com,9856746429,Ahmedabad,2025-08-22 03:46:45
50,Karthik Gupta,karthik.gupta765@gmail.com,9843686940,Mumbai,2024-11-27 13:33:45
51,Tanvi Kulkarni,tanvi.kulkarni329@gmail.com,9795657866,Mumbai,2024-10-10 14:39:26
52,Ishaan Reddy,ishaan.reddy460@gmail.com,9264609929,Chennai,2025-05-22 11:43:57
53,Harsh Gupta,harsh.gupta211@gmail.com,9711555347,Bengaluru,2024-09-25 17:46:42
54,Diya Khan,diya.khan715@gmail.com,9443391263,Hyderabad,2024-09-12 14:40:35
55,Aditya Gupta,aditya.gupta838@gmail.com,9699440099,Kolkata,2024-11-23 23:19:54
56,Aadhya Menon,aadhya.menon358@gmail.com,9061450227,Bengaluru,2024-10-12 15:55:29
57,Ananya Shetty,ananya.shetty370@gmail.com,9270413758,Bengaluru,2025-01-01 08:54:47
58,Rohan Chatterjee,rohan.chatterjee808@gmail.com,9364949034,Delhi,2025-01-09 14:52:55
59,Ritika Shetty,ritika.shetty330@gmail.com,9355206746,Hyderabad,2025-10-17 19:18:24
60,Varun Das,varun.das931@gmail.com,9594703046,Bengaluru,2024-05-15 21:38:42
61,Ishaan Kulkarni,ishaan.kulkarni603@gmail.com,9197412282,Mumbai,2025-06-27 09:34:46
62,Varun Das,varun.das945@gmail.com,9760136102,Pune,2025-12-22 22:23:02
63,Rohan Gupta,rohan.gupta935@gmail.com,9419562182,Chennai,2024-05-15 17:38:12
64,Ishaan Chatterjee,ishaan.chatterjee131@gmail.com,9579634691,Hyderabad,2025-08-17 01:31:53
65,Rahul Chatterjee,rahul.chatterjee150@gmail.com,9959152813,Bengaluru,2025-01-27 20:13:57
66,Tanvi Sharma,tanvi.sharma737@gmail.com,9794587478,Chennai,2025-01-22 11:11:39
67,Sai Yadav,sai.yadav273@gmail.com,9212168434,Bengaluru,2024-08-18 17:54:34
68,Priya Menon,priya.menon74@gmail.com,9437613474,Chennai,2025-01-27 01:20:34
69,Arjun Kapoor,arjun.kapoor360@gmail.com,9319972516,Pune,2025-01-07 16:40:50
70,Diya Chatterjee,diya.chatterjee397@gmail.com,9126377862,Kolkata,2024-12-13 12:46:31
71,Diya Joshi,diya.joshi265@gmail.com,9938754672,Ahmedabad,2024-05-05 00:59:50
72,Karthik Shetty,karthik.shetty159@gmail.com,9938690446,Hyderabad,2024-06-27 07:29:44
73,Aarav Singh,aarav.singh823@gmail.com,9246615124,Ahmedabad,2024-04-13 12:26:53
74,Vivaan Joshi,vivaan.joshi430@gmail.com,9276707468,Pune,2025-03-13 12:23:14
75,Ishaan Bose,ishaan.bose964@gmail.com,9754024414,Pune,2024-08-03 17:58:18
76,Ira Reddy,ira.reddy228@gmail.com,9090546293,Kolkata,2024-05-29 22:12:40
77,Sanya Nair,sanya.nair638@gmail.com,9216518241,Kolkata,2025-02-05 02:01:06
78,Ananya Reddy,ananya.reddy157@gmail.com,9032368706,Mumbai,2024-07-11 01:19:49
79,Lakshmi Shetty,lakshmi.shetty979@gmail.com,9776117834,Ahmedabad,2024-10-30 11:50:24
80,Nisha Das,nisha.das603@gmail.com,9395726351,Ahmedabad,2024-06-06 10:10:10
